{"statuses":[{"created_at":"Sat Mar 03 00:36:07 +0000 2018","id":969733121255108600,"id_str":"969733121255108610","text":"@RPI_Softball 😘🙏🏽","truncated":false,"entities":{"hashtags":[],"symbols":[],"user_mentions":[{"screen_name":"RPI_Softball","name":"RPI Softball","id":2397645670,"id_str":"2397645670","indices":[0,13]}],"urls":[]},"metadata":{"iso_language_code":"und","result_type":"recent"},"source":"<a href=\"http://twitter.com/download/iphone\" rel=\"nofollow\">Twitter for iPhone</a>","in_reply_to_status_id":969369221196021800,"in_reply_to_status_id_str":"969369221196021760","in_reply_to_user_id":2397645670,"in_reply_to_user_id_str":"2397645670","in_reply_to_screen_name":"RPI_Softball","user":{"id":334216801,"id_str":"334216801","name":"RPI Athletics","screen_name":"Sachi_Ena","location":"Troy, NY","description":"Rensselaer Polytechnic Institute~Director of Marketing","url":"https://t.co/a7JHxI5C57","entities":{"url":{"urls":[{"url":"https://t.co/a7JHxI5C57","expanded_url":"http://rpiathletics.com","display_url":"rpiathletics.com","indices":[0,23]}]},"description":{"urls":[]}},"protected":false,"followers_count":599,"friends_count":520,"listed_count":9,"created_at":"Tue Jul 12 19:10:36 +0000 2011","favourites_count":1749,"utc_offset":-18000,"time_zone":"Eastern Time (US & Canada)","geo_enabled":true,"verified":false,"statuses_count":2334,"lang":"en","contributors_enabled":false,"is_translator":false,"is_translation_enabled":false,"profile_background_color":"B2DFDA","profile_background_image_url":"http://abs.twimg.com/images/themes/theme13/bg.gif","profile_background_image_url_https":"https://abs.twimg.com/images/themes/theme13/bg.gif","profile_background_tile":false,"profile_image_url":"http://pbs.twimg.com/profile_images/685863220104589314/lj00HSQU_normal.jpg","profile_image_url_https":"https://pbs.twimg.com/profile_images/685863220104589314/lj00HSQU_normal.jpg","profile_banner_url":"https://pbs.twimg.com/profile_banners/334216801/1452009325","profile_link_color":"93A644","profile_sidebar_border_color":"EEEEEE","profile_sidebar_fill_color":"FFFFFF","profile_text_color":"333333","profile_use_background_image":true,"has_extended_profile":false,"default_profile":false,"default_profile_image":false,"following":false,"follow_request_sent":false,"notifications":false,"translator_type":"none"},"geo":null,"coordinates":null,"place":{"id":"51cc4a7155935af2","url":"https://api.twitter.com/1.1/geo/id/51cc4a7155935af2.json","place_type":"city","name":"Troy","full_name":"Troy, NY","country_code":"US","country":"United States","contained_within":[],"bounding_box":{"type":"Polygon","coordinates":[[[-73.724998,42.660879],[-73.649201,42.660879],[-73.649201,42.795001],[-73.724998,42.795001]]]},"attributes":{}},"contributors":null,"is_quote_status":false,"retweet_count":0,"favorite_count":1,"favorited":false,"retweeted":false,"lang":"und"},{"created_at":"Fri Mar 02 00:30:09 +0000 2018","id":969369232239681500,"id_str":"969369232239681536","text":"Good luck @RPI_Hockey in your playoff series vs Colgate this weekend @RPI_WHockey is behind you - let’s get it done!","truncated":false,"entities":{"hashtags":[],"symbols":[],"user_mentions":[{"screen_name":"RPI_Hockey","name":"RPI Men's Hockey","id":3310599520,"id_str":"3310599520","indices":[10,21]},{"screen_name":"RPI_WHockey","name":"RPI Women's Hockey","id":757302278,"id_str":"757302278","indices":[69,81]}],"urls":[]},"metadata":{"iso_language_code":"en","result_type":"recent"},"source":"<a href=\"http://twitter.com/download/iphone\" rel=\"nofollow\">Twitter for iPhone</a>","in_reply_to_status_id":null,"in_reply_to_status_id_str":null,"in_reply_to_user_id":null,"in_reply_to_user_id_str":null,"in_reply_to_screen_name":null,"user":{"id":599699007,"id_str":"599699007","name":"Bryan Vines","screen_name":"VinesBryan","location":"Troy, NY","description":"RPI Women's Hockey Coach","url":null,"entities":{"description":{"urls":[]}},"protected":false,"followers_count":449,"friends_count":362,"listed_count":12,"created_at":"Mon Jun 04 22:32:59 +0000 2012","favourites_count":1262,"utc_offset":-18000,"time_zone":"Eastern Time (US & Canada)","geo_enabled":true,"verified":false,"statuses_count":682,"lang":"en","contributors_enabled":false,"is_translator":false,"is_translation_enabled":false,"profile_background_color":"C0DEED","profile_background_image_url":"http://abs.twimg.com/images/themes/theme1/bg.png","profile_background_image_url_https":"https://abs.twimg.com/images/themes/theme1/bg.png","profile_background_tile":false,"profile_image_url":"http://pbs.twimg.com/profile_images/935714540024750080/SYCpG-2g_normal.jpg","profile_image_url_https":"https://pbs.twimg.com/profile_images/935714540024750080/SYCpG-2g_normal.jpg","profile_banner_url":"https://pbs.twimg.com/profile_banners/599699007/1499485501","profile_link_color":"1DA1F2","profile_sidebar_border_color":"C0DEED","profile_sidebar_fill_color":"DDEEF6","profile_text_color":"333333","profile_use_background_image":true,"has_extended_profile":false,"default_profile":true,"default_profile_image":false,"following":false,"follow_request_sent":false,"notifications":false,"translator_type":"none"},"geo":null,"coordinates":null,"place":{"id":"51cc4a7155935af2","url":"https://api.twitter.com/1.1/geo/id/51cc4a7155935af2.json","place_type":"city","name":"Troy","full_name":"Troy, NY","country_code":"US","country":"United States","contained_within":[],"bounding_box":{"type":"Polygon","coordinates":[[[-73.724998,42.660879],[-73.649201,42.660879],[-73.649201,42.795001],[-73.724998,42.795001]]]},"attributes":{}},"contributors":null,"is_quote_status":false,"retweet_count":4,"favorite_count":45,"favorited":false,"retweeted":false,"lang":"en"},{"created_at":"Wed Feb 28 00:20:26 +0000 2018","id":968642009085988900,"id_str":"968642009085988865","text":"#RPI grad and member of Rensselaer Alumni Hall if Fame! https://t.co/owOUwHsTVz","truncated":false,"entities":{"hashtags":[{"text":"RPI","indices":[0,4]}],"symbols":[],"user_mentions":[],"urls":[{"url":"https://t.co/owOUwHsTVz","expanded_url":"https://twitter.com/inventorshof/status/968622013211402240","display_url":"twitter.com/inventorshof/s…","indices":[56,79]}]},"metadata":{"iso_language_code":"en","result_type":"recent"},"source":"<a href=\"http://twitter.com/download/iphone\" rel=\"nofollow\">Twitter for iPhone</a>","in_reply_to_status_id":null,"in_reply_to_status_id_str":null,"in_reply_to_user_id":null,"in_reply_to_user_id_str":null,"in_reply_to_screen_name":null,"user":{"id":188770086,"id_str":"188770086","name":"Rensselaer","screen_name":"rpi","location":"Troy, NY","description":"The official Twitter feed of Rensselaer Polytechnic Institute, the nation's oldest technological research university.","url":"http://t.co/9I440yVz65","entities":{"url":{"urls":[{"url":"http://t.co/9I440yVz65","expanded_url":"http://www.rpi.edu","display_url":"rpi.edu","indices":[0,22]}]},"description":{"urls":[]}},"protected":false,"followers_count":5131,"friends_count":332,"listed_count":107,"created_at":"Thu Sep 09 15:11:33 +0000 2010","favourites_count":11014,"utc_offset":-14400,"time_zone":"Atlantic Time (Canada)","geo_enabled":true,"verified":false,"statuses_count":2094,"lang":"en","contributors_enabled":false,"is_translator":false,"is_translation_enabled":false,"profile_background_color":"C0DEED","profile_background_image_url":"http://pbs.twimg.com/profile_background_images/460886395024728064/KpDJecRh.jpeg","profile_background_image_url_https":"https://pbs.twimg.com/profile_background_images/460886395024728064/KpDJecRh.jpeg","profile_background_tile":false,"profile_image_url":"http://pbs.twimg.com/profile_images/378800000740342692/0a75809666fff6d29aa82ae801ccaead_normal.jpeg","profile_image_url_https":"https://pbs.twimg.com/profile_images/378800000740342692/0a75809666fff6d29aa82ae801ccaead_normal.jpeg","profile_banner_url":"https://pbs.twimg.com/profile_banners/188770086/1507942842","profile_link_color":"0084B4","profile_sidebar_border_color":"FFFFFF","profile_sidebar_fill_color":"DDEEF6","profile_text_color":"333333","profile_use_background_image":true,"has_extended_profile":false,"default_profile":false,"default_profile_image":false,"following":false,"follow_request_sent":false,"notifications":false,"translator_type":"none"},"geo":null,"coordinates":null,"place":{"id":"51cc4a7155935af2","url":"https://api.twitter.com/1.1/geo/id/51cc4a7155935af2.json","place_type":"city","name":"Troy","full_name":"Troy, NY","country_code":"US","country":"United States","contained_within":[],"bounding_box":{"type":"Polygon","coordinates":[[[-73.724998,42.660879],[-73.649201,42.660879],[-73.649201,42.795001],[-73.724998,42.795001]]]},"attributes":{}},"contributors":null,"is_quote_status":true,"quoted_status_id":968622013211402200,"quoted_status_id_str":"968622013211402240","quoted_status":{"created_at":"Tue Feb 27 23:00:58 +0000 2018","id":968622013211402200,"id_str":"968622013211402240","text":"Do something you're passionate about💡 https://t.co/LVZzc2Un5Y","truncated":false,"entities":{"hashtags":[],"symbols":[],"user_mentions":[],"urls":[],"media":[{"id":968622009239425000,"id_str":"968622009239425024","indices":[38,61],"media_url":"http://pbs.twimg.com/media/DXE8ld5XUAA-EVi.jpg","media_url_https":"https://pbs.twimg.com/media/DXE8ld5XUAA-EVi.jpg","url":"https://t.co/LVZzc2Un5Y","display_url":"pic.twitter.com/LVZzc2Un5Y","expanded_url":"https://twitter.com/InventorsHOF/status/968622013211402240/photo/1","type":"photo","sizes":{"medium":{"w":1000,"h":1000,"resize":"fit"},"large":{"w":1000,"h":1000,"resize":"fit"},"thumb":{"w":150,"h":150,"resize":"crop"},"small":{"w":680,"h":680,"resize":"fit"}}}]},"extended_entities":{"media":[{"id":968622009239425000,"id_str":"968622009239425024","indices":[38,61],"media_url":"http://pbs.twimg.com/media/DXE8ld5XUAA-EVi.jpg","media_url_https":"https://pbs.twimg.com/media/DXE8ld5XUAA-EVi.jpg","url":"https://t.co/LVZzc2Un5Y","display_url":"pic.twitter.com/LVZzc2Un5Y","expanded_url":"https://twitter.com/InventorsHOF/status/968622013211402240/photo/1","type":"photo","sizes":{"medium":{"w":1000,"h":1000,"resize":"fit"},"large":{"w":1000,"h":1000,"resize":"fit"},"thumb":{"w":150,"h":150,"resize":"crop"},"small":{"w":680,"h":680,"resize":"fit"}}}]},"metadata":{"iso_language_code":"en","result_type":"recent"},"source":"<a href=\"http://www.hootsuite.com\" rel=\"nofollow\">Hootsuite</a>","in_reply_to_status_id":null,"in_reply_to_status_id_str":null,"in_reply_to_user_id":null,"in_reply_to_user_id_str":null,"in_reply_to_screen_name":null,"user":{"id":1140231224,"id_str":"1140231224","name":"Inventors HOF","screen_name":"InventorsHOF","location":"Alexandria, Virginia","description":"Official Twitter of the National Inventors Hall of Fame.\nHonoring Inventors. #NIHF\nInspiring Creativity. @CampInvention\nChallenging the next generation.","url":"https://t.co/9ZyRqcPDx1","entities":{"url":{"urls":[{"url":"https://t.co/9ZyRqcPDx1","expanded_url":"http://www.invent.org","display_url":"invent.org","indices":[0,23]}]},"description":{"urls":[]}},"protected":false,"followers_count":2537,"friends_count":703,"listed_count":90,"created_at":"Fri Feb 01 17:09:23 +0000 2013","favourites_count":1050,"utc_offset":-14400,"time_zone":"Atlantic Time (Canada)","geo_enabled":false,"verified":true,"statuses_count":2891,"lang":"en","contributors_enabled":false,"is_translator":false,"is_translation_enabled":false,"profile_background_color":"0C3B52","profile_background_image_url":"http://pbs.twimg.com/profile_background_images/441258957797994496/_wKxoCIE.png","profile_background_image_url_https":"https://pbs.twimg.com/profile_background_images/441258957797994496/_wKxoCIE.png","profile_background_tile":false,"profile_image_url":"http://pbs.twimg.com/profile_images/704672178306838528/3OfN66Th_normal.jpg","profile_image_url_https":"https://pbs.twimg.com/profile_images/704672178306838528/3OfN66Th_normal.jpg","profile_banner_url":"https://pbs.twimg.com/profile_banners/1140231224/1512424124","profile_link_color":"AB041D","profile_sidebar_border_color":"FFFFFF","profile_sidebar_fill_color":"EFEFEF","profile_text_color":"333333","profile_use_background_image":true,"has_extended_profile":false,"default_profile":false,"default_profile_image":false,"following":false,"follow_request_sent":false,"notifications":false,"translator_type":"none"},"geo":null,"coordinates":null,"place":null,"contributors":null,"is_quote_status":false,"retweet_count":1,"favorite_count":7,"favorited":false,"retweeted":false,"possibly_sensitive":false,"lang":"en"},"retweet_count":1,"favorite_count":6,"favorited":false,"retweeted":false,"possibly_sensitive":false,"lang":"en"},{"created_at":"Mon Feb 26 14:46:02 +0000 2018","id":968135071881486300,"id_str":"968135071881486336","text":"Exciting day at the #JeffersonProject annual meeting @IBMResearch @rpi @FUND4LakeGeorge #IBMResearch #innovation… https://t.co/qy6TgwzVn8","truncated":true,"entities":{"hashtags":[{"text":"JeffersonProject","indices":[20,37]},{"text":"IBMResearch","indices":[88,100]},{"text":"innovation","indices":[101,112]}],"symbols":[],"user_mentions":[{"screen_name":"IBMResearch","name":"IBM Research","id":16319797,"id_str":"16319797","indices":[53,65]},{"screen_name":"rpi","name":"Rensselaer","id":188770086,"id_str":"188770086","indices":[66,70]},{"screen_name":"FUND4LakeGeorge","name":"FUND for Lake George","id":2432515910,"id_str":"2432515910","indices":[71,87]}],"urls":[{"url":"https://t.co/qy6TgwzVn8","expanded_url":"https://twitter.com/i/web/status/968135071881486336","display_url":"twitter.com/i/web/status/9…","indices":[114,137]}]},"metadata":{"iso_language_code":"en","result_type":"recent"},"source":"<a href=\"http://twitter.com/download/iphone\" rel=\"nofollow\">Twitter for iPhone</a>","in_reply_to_status_id":null,"in_reply_to_status_id_str":null,"in_reply_to_user_id":null,"in_reply_to_user_id_str":null,"in_reply_to_screen_name":null,"user":{"id":19629681,"id_str":"19629681","name":"Chris Blake","screen_name":"crblake","location":"San Francisco","description":"Passionate about how technology can improve the world we live in. Communications @IBMResearch Music enthusiast and triathlete.","url":"https://t.co/WVX3S9lYLW","entities":{"url":{"urls":[{"url":"https://t.co/WVX3S9lYLW","expanded_url":"http://www.research.ibm.com/","display_url":"research.ibm.com","indices":[0,23]}]},"description":{"urls":[]}},"protected":false,"followers_count":1457,"friends_count":3545,"listed_count":148,"created_at":"Wed Jan 28 01:34:40 +0000 2009","favourites_count":2842,"utc_offset":-18000,"time_zone":"Eastern Time (US & Canada)","geo_enabled":true,"verified":false,"statuses_count":2540,"lang":"en","contributors_enabled":false,"is_translator":false,"is_translation_enabled":false,"profile_background_color":"C0DEED","profile_background_image_url":"http://abs.twimg.com/images/themes/theme1/bg.png","profile_background_image_url_https":"https://abs.twimg.com/images/themes/theme1/bg.png","profile_background_tile":false,"profile_image_url":"http://pbs.twimg.com/profile_images/1098582406/40267_1410165974224_1234710080_31223121_3937780_n_normal.jpg","profile_image_url_https":"https://pbs.twimg.com/profile_images/1098582406/40267_1410165974224_1234710080_31223121_3937780_n_normal.jpg","profile_banner_url":"https://pbs.twimg.com/profile_banners/19629681/1439225895","profile_link_color":"1DA1F2","profile_sidebar_border_color":"C0DEED","profile_sidebar_fill_color":"DDEEF6","profile_text_color":"333333","profile_use_background_image":true,"has_extended_profile":false,"default_profile":true,"default_profile_image":false,"following":false,"follow_request_sent":false,"notifications":false,"translator_type":"none"},"geo":null,"coordinates":null,"place":{"id":"51cc4a7155935af2","url":"https://api.twitter.com/1.1/geo/id/51cc4a7155935af2.json","place_type":"city","name":"Troy","full_name":"Troy, NY","country_code":"US","country":"United States","contained_within":[],"bounding_box":{"type":"Polygon","coordinates":[[[-73.724998,42.660879],[-73.649201,42.660879],[-73.649201,42.795001],[-73.724998,42.795001]]]},"attributes":{}},"contributors":null,"is_quote_status":false,"retweet_count":0,"favorite_count":8,"favorited":false,"retweeted":false,"possibly_sensitive":false,"lang":"en"},{"created_at":"Sun Feb 25 13:25:33 +0000 2018","id":967752427247202300,"id_str":"967752427247202304","text":"College Hockey Photos: Colgate University Raiders @ RPI Engineers. February, 24, 2018, Houston Field House, Troy, N… https://t.co/a41MYdox85","truncated":true,"entities":{"hashtags":[],"symbols":[],"user_mentions":[],"urls":[{"url":"https://t.co/a41MYdox85","expanded_url":"https://twitter.com/i/web/status/967752427247202304","display_url":"twitter.com/i/web/status/9…","indices":[117,140]}]},"metadata":{"iso_language_code":"en","result_type":"recent"},"source":"<a href=\"http://twitter.com\" rel=\"nofollow\">Twitter Web Client</a>","in_reply_to_status_id":null,"in_reply_to_status_id_str":null,"in_reply_to_user_id":null,"in_reply_to_user_id_str":null,"in_reply_to_screen_name":null,"user":{"id":959079074055540700,"id_str":"959079074055540737","name":"BROKEN BAT BLOG","screen_name":"BROKEN_BAT_BLOG","location":"New York","description":"https://t.co/YN2oCBRJwu","url":null,"entities":{"description":{"urls":[{"url":"https://t.co/YN2oCBRJwu","expanded_url":"http://www.brokenbatblog.com","display_url":"brokenbatblog.com","indices":[0,23]}]}},"protected":false,"followers_count":9,"friends_count":150,"listed_count":0,"created_at":"Thu Feb 01 15:00:44 +0000 2018","favourites_count":150,"utc_offset":null,"time_zone":null,"geo_enabled":true,"verified":false,"statuses_count":32,"lang":"en","contributors_enabled":false,"is_translator":false,"is_translation_enabled":false,"profile_background_color":"000000","profile_background_image_url":"http://abs.twimg.com/images/themes/theme1/bg.png","profile_background_image_url_https":"https://abs.twimg.com/images/themes/theme1/bg.png","profile_background_tile":false,"profile_image_url":"http://pbs.twimg.com/profile_images/959080232484528129/oQz9fsW9_normal.jpg","profile_image_url_https":"https://pbs.twimg.com/profile_images/959080232484528129/oQz9fsW9_normal.jpg","profile_banner_url":"https://pbs.twimg.com/profile_banners/959079074055540737/1519482114","profile_link_color":"062253","profile_sidebar_border_color":"000000","profile_sidebar_fill_color":"000000","profile_text_color":"000000","profile_use_background_image":false,"has_extended_profile":true,"default_profile":false,"default_profile_image":false,"following":false,"follow_request_sent":false,"notifications":false,"translator_type":"none"},"geo":null,"coordinates":null,"place":{"id":"51cc4a7155935af2","url":"https://api.twitter.com/1.1/geo/id/51cc4a7155935af2.json","place_type":"city","name":"Troy","full_name":"Troy, NY","country_code":"US","country":"United States","contained_within":[],"bounding_box":{"type":"Polygon","coordinates":[[[-73.724998,42.660879],[-73.649201,42.660879],[-73.649201,42.795001],[-73.724998,42.795001]]]},"attributes":{}},"contributors":null,"is_quote_status":false,"retweet_count":2,"favorite_count":1,"favorited":false,"retweeted":false,"possibly_sensitive":false,"lang":"en"}],"search_metadata":{"completed_in":0.04,"max_id":969733121255108600,"max_id_str":"969733121255108610","query":"rpi","refresh_url":"?since_id=969733121255108610&q=rpi&geocode=42.728412%2C-73.691785%2C1km&result_type=recent&include_entities=1","count":10,"since_id":0,"since_id_str":"0"}}